name,officialUrl,categories,priceDisclosed,priceNote,casesDisclosed,casesCount,pagesChecked,checkedAt
ナイル株式会社,https://nyle.co.jp/,"ai-kenshu|llmo|web-seisaku|dx-consul|naisei-shien",,,true,"支援実績2,000社",15,2026-09-23
株式会社Speee,https://speee.jp/,"dx-consul|aeo",,,,,15,2026-09-23
株式会社CINC,https://www.cinc-j.co.jp/,"llmo|aeo|dx-consul|naisei-shien|ai-kaihatsu|data-kiban",false,価格が異なるため、 お気軽にお問い合わせ,true,,15,2026-09-23
株式会社PLAN-B,https://www.plan-b.co.jp/,"web-seisaku|llmo|aeo|data-kiban",,,true,,15,2026-09-23
株式会社ニュートラルワークス,https://n-works.link/,"llmo|web-seisaku|aeo|naisei-shien",true,"月額50,000円",true,,15,2026-09-23
バクリ株式会社,https://www.bakuri.co.jp/,"llmo|naisei-shien|aeo|dx-consul|web-seisaku|rag",true,費用目安 月額 30万円,true,,15,2026-09-23
Queue株式会社,https://queue-tech.jp/,"aeo|llmo|ai-kaihatsu|rag",,,true,,15,2026-09-23
株式会社メディアエクシード,https://mediaexceed.co.jp/,"llmo|web-seisaku|aeo|dx-consul|naisei-shien",true,"料金プラン ミニマムプラン 月額 5,500 円",true,,15,2026-09-23
株式会社WeBridge,https://webridge.co.jp/,"llmo|web-seisaku|aeo",true,"費用は、月々9,800円",true,,15,2026-09-23
アムール株式会社,https://amour-inc.jp/,"",,,,,1,2026-09-23
株式会社Hakuhodo DY ONE,https://www.hakuhodody-one.co.jp/,"llmo|data-kiban|ai-agent|web-seisaku|dx-consul|naisei-shien|chatbot",,,true,,15,2026-09-23
株式会社メディアリーチ,https://mediareach.co.jp/,"llmo|naisei-shien|aeo|dx-consul|web-seisaku",true,月額20万円,true,,15,2026-09-23
株式会社divx,https://divx.co.jp/,"dx-consul|gyomu-jidoka|gazo-onsei|ai-kaihatsu|chatbot|rag|web-seisaku",,,,,15,2026-09-23
株式会社Vareal,https://www.vareal.co.jp/,"ai-kaihatsu|dx-consul|data-kiban",,,true,,15,2026-09-23
アーガイル株式会社,https://argyle.jp/,"ai-kaihatsu|dx-consul|ai-agent|gyomu-jidoka|chatbot|ai-kenshu|gazo-onsei",false,費用と期間 受託開発の流れ お問い合わせ,true,支援 支援実績500社,15,2026-09-23
株式会社ノーコード総合研究所,https://nocoderi.co.jp/,"ai-kaihatsu|naisei-shien|ai-kenshu|gyomu-jidoka|dx-consul|rag|data-kiban|ai-agent|chatbot",true,費用は100-500万円,true,,15,2026-09-23
JAPAN AI株式会社,https://japan-ai.co.jp/,"ai-kaihatsu|dx-consul|ai-agent|ai-kenshu|naisei-shien|rag|gyomu-jidoka|aeo|ai-governance|gazo-onsei|llmo|data-kiban",false,費用はお問い合わせください お問い合わせ,true,,15,2026-09-23
株式会社AI Market,https://ai-market.jp/,"ai-kaihatsu|dx-consul|naisei-shien|ai-agent|rag|gyomu-jidoka|gazo-onsei|chatbot|ai-kenshu|data-kiban|ai-governance|llmo|web-seisaku",,,true,"実績 1,000社",15,2026-09-23
株式会社AVILEN,https://avilen.co.jp/,"ai-kaihatsu|dx-consul|ai-kenshu|gyomu-jidoka|naisei-shien|ai-governance|gazo-onsei|ai-agent|rag",,,true,,15,2026-09-23
株式会社エクサウィザーズ,https://exawizards.com/,"ai-kaihatsu|dx-consul|ai-agent|ai-kenshu|naisei-shien",false,料金、導入に関するご相談はこちらからお問い合わせ,true,,15,2026-09-23
Sakana AI株式会社,https://sakana.ai/,"ai-kaihatsu|ai-agent|gazo-onsei",false,料金の詳細につきましては、営業チームにお問い合わせ,true,,13,2026-09-23
株式会社AIdeaLab,https://aidealab.com/,"ai-kaihatsu|ai-agent|dx-consul|naisei-shien|rag|chatbot|gazo-onsei",,,,,15,2026-09-23
株式会社エクスプラザ,https://explaza.jp/,"ai-kaihatsu|ai-kenshu|dx-consul|gyomu-jidoka|ai-agent|rag|gazo-onsei",false,料金・研修について相談する 研修までの流れ お問い合わせ,true,,14,2026-09-23
アドマノ株式会社,https://admano.co.jp/,"aeo|llmo|web-seisaku",,,true,,15,2026-09-23
株式会社プリンシプル,https://www.principle-c.com/,"llmo|dx-consul|naisei-shien|data-kiban|aeo|web-seisaku|ai-kenshu|ai-agent",true,価格 SEO + LLMOセット価格 初期調査/分析戦略策定：280万円,true,,15,2026-09-23
株式会社ピボーテ,https://pivo-te.co.jp/,"aeo|llmo",,,,,15,2026-09-23
株式会社ABEJA,https://www.abejainc.com/,"dx-consul|ai-kenshu|ai-governance|ai-kaihatsu|rag|gazo-onsei",,,true,,15,2026-09-23
株式会社ブレインパッド,https://www.brainpad.co.jp/,"ai-kaihatsu|dx-consul|naisei-shien|data-kiban|ai-agent|gazo-onsei",,,true,,15,2026-09-23
株式会社Laboro.AI,https://laboro.ai/,"ai-kaihatsu|gyomu-jidoka|ai-agent|gazo-onsei|dx-consul",,,true,,15,2026-09-23
株式会社Cogent Labs,https://www.cogent.co.jp/,"gyomu-jidoka|dx-consul",,,true,,15,2026-09-23
株式会社アラヤ,https://www.araya.org/,"ai-kaihatsu|dx-consul|gazo-onsei|gyomu-jidoka",,,true,,15,2026-09-23
HACARUS株式会社,https://hacarus.com/,"ai-kaihatsu|dx-consul|chatbot|gyomu-jidoka|gazo-onsei",,,true,,15,2026-09-23
株式会社オプティム,https://www.optim.co.jp/,"llmo|dx-consul|chatbot|gyomu-jidoka|gazo-onsei|rag",false,料金について お気軽にお問い合わせ,true,,15,2026-09-23
株式会社ヘッドウォータース,https://www.headwaters.co.jp/,"ai-kaihatsu|naisei-shien|ai-agent|gyomu-jidoka|gazo-onsei|dx-consul|rag|chatbot|ai-governance|data-kiban",,,,,15,2026-09-23
株式会社FIXER,https://fixer.co.jp/,"dx-consul|ai-kaihatsu",true,"価格 320,000円",,,15,2026-09-23
株式会社AI Native,https://www.ai-native.jp/,"ai-kaihatsu|dx-consul|naisei-shien|ai-agent|rag|chatbot|ai-kenshu|gyomu-jidoka",true,"料金プラン 企業規模・メディア規模に合わせて選べる3つのプラン ライトプラン 750,000 円",true,実績 19社,15,2026-09-23
株式会社Lightblue,https://www.lightblue-tech.com/,"ai-agent|gazo-onsei|dx-consul|rag|chatbot|ai-kaihatsu|naisei-shien|gyomu-jidoka",true,"月額 ／ 1ユーザー 1,500 円",true,,15,2026-09-23
株式会社neoAI,https://neoai.jp/,"dx-consul|chatbot|ai-kaihatsu|rag|ai-governance",false,料金プランについて詳しく知りたい方 お問い合わせ,true,,15,2026-09-23
ストックマーク株式会社,https://stockmark.co.jp/,"ai-kaihatsu|dx-consul|data-kiban|rag|ai-agent",,,true,,15,2026-09-23
SpiralAI株式会社,https://go-spiral.ai/,"ai-kaihatsu|gazo-onsei",,,,,15,2026-09-23
株式会社PKSHA Technology,https://www.pkshatech.com/,"ai-agent|gazo-onsei|ai-kaihatsu|gyomu-jidoka|chatbot",,,true,"実績 創業から10年で2,000社",15,2026-09-23
AI inside 株式会社,https://inside.ai/,"ai-agent|gyomu-jidoka|ai-kaihatsu",,,true,,15,2026-09-23
株式会社LANY,https://www.lany.co.jp/,"aeo|llmo|web-seisaku|rag|naisei-shien",false,費用をご提示させていただきますので、お気軽にお問い合わせ,true,,15,2026-09-23
シースリーレーヴ株式会社,https://www.c3reve.co.jp/,"ai-kaihatsu|dx-consul|rag|ai-kenshu|chatbot|gyomu-jidoka|web-seisaku",true,費用 400〜600万円,true,,15,2026-09-23
株式会社LionAI,https://www.lion-ai.co.jp/,"ai-kaihatsu|dx-consul|rag|chatbot|ai-kenshu|gyomu-jidoka|gazo-onsei",false,料金を知りたい ▶︎ 今すぐ資料請求 ▶︎ お問い合わせ,,,9,2026-09-23
HEROZ株式会社,https://heroz.co.jp/,"dx-consul|naisei-shien|ai-kaihatsu|ai-agent|rag",true,月額10万円,true,,15,2026-09-23
株式会社FRONTEO,https://www.fronteo.com/,"dx-consul|naisei-shien|rag|ai-governance",,,,,4,2026-09-23
株式会社イノーバ,https://innova-jp.com/,"aeo|llmo|web-seisaku|naisei-shien|dx-consul|ai-kenshu",,,true,,15,2026-09-23
TechSuite株式会社,https://techsuite.co.jp/,"dx-consul|llmo|ai-kaihatsu",,,,,15,2026-09-23
株式会社Citadel AI,https://citadel-ai.com/ja/,"ai-governance",,,,,15,2026-10-02
株式会社ChillStack,https://chillstack.com/,"ai-governance",,,,,15,2026-10-02
株式会社キカガク,https://www.kikagaku.co.jp/,"naisei-shien|ai-kenshu|ai-kaihatsu|ai-agent",,,true,"導入企業数1,000社",15,2026-10-02
株式会社Beyont,https://www.skillupai.com/,"ai-kaihatsu|dx-consul|ai-agent|ai-kenshu|gyomu-jidoka|gazo-onsei",true,月額料金 （税抜） 50万円,true,"導入実績約1,000 社",15,2026-10-02
株式会社SHIFT AI,https://shift-ai.co.jp/,"ai-kenshu",,,true,"導入社数：2,500社",14,2026-10-02
株式会社primeNumber,https://primenumber.com/,"data-kiban|ai-kaihatsu|naisei-shien|ai-agent|rag",,,true,"導入2,500社",15,2026-10-02
DATUM STUDIO株式会社,https://datumstudio.jp/,"ai-kaihatsu|dx-consul|ai-agent|data-kiban|rag|chatbot|gazo-onsei",,,,,15,2026-10-02
株式会社ARISE analytics,https://www.ariseanalytics.com/,"dx-consul|ai-kaihatsu|ai-agent|gazo-onsei",,,true,,15,2026-10-02
モビルス株式会社,https://mobilus.co.jp/,"ai-kaihatsu|rag|gazo-onsei|chatbot",false,料金について、詳しくはお問い合わせ,true,,15,2026-10-02
株式会社ユーザーローカル,https://www.userlocal.jp/,"llmo|chatbot",,,true,,13,2026-10-02
株式会社デジライズ,https://digirise.ai/,"ai-kaihatsu|dx-consul|ai-agent|ai-kenshu",true,月額約2.3万円 × 6ヶ月（実質14万円,true,導入企業数600社,15,2026-10-02
株式会社Algomatic,https://algomatic.jp/,"ai-kaihatsu|dx-consul|ai-agent|ai-kenshu|data-kiban|ai-governance",,,,,11,2026-10-02
カラクリ株式会社,https://karakuri.ai/,"ai-kaihatsu|ai-agent|chatbot|gyomu-jidoka|gazo-onsei|llmo",true,初期費用 Navigate ナビゲーション設定 50 万円〜,true,,15,2026-10-03
株式会社風音屋,https://kazaneya.com/,"data-kiban",,,,,15,2026-10-04
株式会社truestar,https://www.truestar.co.jp/,"data-kiban|naisei-shien",,,true,,15,2026-10-04
株式会社DataCurrent,https://www.datacurrent.co.jp/,"dx-consul|ai-kenshu|data-kiban|naisei-shien|ai-kaihatsu",false,料金プラン お問い合わせ,true,,15,2026-10-04
株式会社ジール,https://www.zdh.co.jp/,"dx-consul|naisei-shien|data-kiban|ai-agent|rag|ai-kenshu",false,料金 お問い合わせ,true,導入事例 1000社,15,2026-10-04
株式会社Faber Company,https://www.fabercompany.co.jp/,"llmo",,,true,,15,2026-10-04
株式会社ジオコード,https://www.geo-code.co.jp/,"llmo|web-seisaku|naisei-shien|aeo",true,初期費用 15 万円〜 月額費用 5 万円〜（Web開発サービスのページ）,true,,15,2026-10-04
株式会社GIG,https://giginc.co.jp/,"web-seisaku|dx-consul|chatbot|naisei-shien",,,true,,15,2026-10-04
株式会社LIG,https://liginc.co.jp/,"web-seisaku|dx-consul|naisei-shien",,記事広告（LIGブログ掲載）のみ「80万円から」と公開。Web制作・システム開発の料金は確認できていない,true,,13,2026-10-04
株式会社NTTデータ,https://www.nttdata.com/jp/ja/,"gyomu-jidoka|ai-kaihatsu|dx-consul|ai-agent|ai-governance|data-kiban",,,true,,15,2026-10-05
アイディルートコンサルティング株式会社,https://idealroute.jp/,"dx-consul|naisei-shien|rag|gyomu-jidoka|data-kiban|ai-governance",,,true,,15,2026-10-06
ソフトバンク株式会社,https://www.softbank.jp/,"ai-agent|rag|gyomu-jidoka|data-kiban|ai-governance|dx-consul|ai-kenshu",true,"基本料 50,000円 /月（10ID）＋ 11ID以降 5,000円/月・ID（SoftVoice 料金例・税抜）",true,,15,2026-10-07
株式会社 インフォメーション・ディベロプメント,https://www.idnet.co.jp/,"ai-kaihatsu|ai-agent|rag|chatbot|ai-governance|dx-consul|ai-kenshu",true,初期構築費用 参考価格：80万円～／月額使用料 基本パック 参考価格：15万円～／月（AIコンシェルジュ）,true,"実績は1,000社以上",15,2026-10-07
